Motivo|Tipo de Garantia
"FCEO"|"SECA"
"FCEO"|"EFVO"
"FATR"|"SECA"
"FATR"|"EFVO"
"MUAU"|"AVBA"
"MUAU"|"EFVO"
"IMTE"|"AVBA"
"IMTE"|"SECA"
"IMTE"|"EFVO"
"GTGL"|"EFVO"
"IMTE"|"AFCF"
"IMTE"|"AVTN"
"FCEO"|"AFCF"
"FCEO"|"AVTN"
"FATR"|"AVBA"
"FATR"|"AVTN"
"MUAU"|"AVTN"
"MUAU"|"AFCF"
"FCEO"|"AVBA"
"FATR"|"AFCF"
"DUMP"|"AFCF"
"DUMP"|"AVBA"
"DUMP"|"AVTN"
"DUMP"|"EFVO"
"DUMP"|"SECA"
"GTGL"|"AFCF"
"GTGL"|"AVTN"
"GTGL"|"AVBA"
"GTGL"|"SECA"
"TRAN"|"AVBA"
"TRAN"|"SECA"
"TRAN"|"AVTN"
"TRAN"|"AFCF"
"TRAN"|"EFVO"
"TRAP"|"AVBA"
"TRAP"|"SECA"
"TRAP"|"AVTN"
"TRAP"|"AFCF"
"TRAP"|"EFVO"
"COMP"|"AVBA"
"COMP"|"AVTN"
"COMP"|"SECA"
"COMP"|"AFCF"
"COMP"|"EFVO"
"ANBE"|"EFVO"
"ANBE"|"SECA"
"ANBE"|"AVBA"
"ANBE"|"AVTN"
"ANBE"|"AFCF"
"INVA"|"EFVO"
"INVA"|"SECA"
"INVA"|"AVBA"
"INVA"|"AVTN"
"INVA"|"AFCF"
"RECU"|"EFVO"
"RECU"|"AVBA"
"RECU"|"AVTN"
"RECU"|"AFCF"
"CLAN"|"EFVO"
"CLAN"|"SECA"
"CLAN"|"AVBA"
"CLAN"|"AVTN"
"CLAN"|"AFCF"
"IMTP"|"AVBA"
"IMTP"|"AVTN"
"IMTP"|"AFCF"
"IMTP"|"SECA"
"IMTP"|"EFVO"
"FCTX"|"AFCF"
"FCTX"|"AVBA"
"FCTX"|"AVTN"
"FCTX"|"EFVO"
"FCTX"|"SECA"
"MORA"|"EFVO"
"MORA"|"AVBA"
"GTGL"|"RESI"
"FCAE"|"AFCF"
"FCAE"|"AVBA"
"FCAE"|"AVTN"
"FCAE"|"EFVO"
"FCAE"|"SECA"
"SUCO"|"AFCF"
"SUCO"|"AVBA"
"SUCO"|"AVTN"
"SUCO"|"EFVO"
"GTGL"|"CERT"
"MOVA"|"AVBA"
"MOVA"|"EFVO"
"INVO"|"AFCF"
"INVO"|"AVBA"
"INVO"|"AVTN"
"INVO"|"EFVO"
"INVO"|"SECA"
"REAU"|"SECA"
"REAU"|"AVBA"
"REAU"|"EFVO"
"GPIN"|"SECA"
"GPIN"|"AVBA"
"GPIN"|"EFVO"
"ENES"|"AFCF"
"ENES"|"AVBA"
"ENES"|"AVTN"
"ENES"|"EFVO"
"ENES"|"SECA"
"EXTE"|"AVBA"
"EXTE"|"AFCF"
"EXTE"|"AVTN"
"EXTE"|"EFVO"
"EXTE"|"SECA"
"EXTP"|"AFCF"
"EXTP"|"AVBA"
"EXTP"|"AVTN"
"EXTP"|"EFVO"
"EXTP"|"SECA"
"AUES"|"EFVO"
"AUES"|"AVBA"
"GPIN"|"LECA"
"IMTE"|"LECA"
"IMTP"|"LECA"
"ENES"|"LECA"
"TRAN"|"LECA"
"EXTE"|"LECA"
"EXTP"|"LECA"
"LIPU"|"SECA"
"LIPU"|"AVBA"
"LIPU"|"LECA"
"LIPU"|"EFVO"
"ESEX"|"AVBA"
"ESEX"|"EFVO"
"ESEX"|"RESI"
"ECON"|"AVBA"
"ECON"|"EFVO"
"ECON"|"RESI"
"ECON"|"SECA"
"MORA"|"SECA"
"MOVA"|"SECA"
"SUEX"|"EFVO"
"SUEX"|"AVBA"
"SUEX"|"SECA"
"RECU"|"SECA"
"FCAP"|"EFVO"
"FCAP"|"SECA"
"FCAP"|"AVBA"
"EGTR"|"AFCF"
"EGTR"|"AVBA"
"EGTR"|"AVTN"
"EGTR"|"SECA"
"VACR"|"EFVO"
"VACR"|"TIDP"
"VACR"|"AVBA"
"SUCO"|"SECA"
"SUPE"|"EFVO"
"SUPE"|"SECA"
"SUPE"|"AVBA"
"EGTR"|"EFVO"
"TRAP"|"LECA"
"GTGL"|"LECA"
"FCAO"|"EFVO"
"FCAO"|"SECA"
"FCAO"|"AVBA"
"FCAO"|"RESI"
"FCAO"|"AFCF"
"FCAO"|"AVTN"
"FDOR"|"EFVO"
"FDOR"|"SECA"
"FDOR"|"AVBA"
"FDOR"|"RESI"
"GADO"|"EFVO"
"GADO"|"SECA"
"GADO"|"AVBA"
"GADO"|"LECA"
"GADO"|"RESI"
"GADO"|"AFCF"
"GADO"|"AVTN"
"SUIM"|"EFVO"
"SUIM"|"SECA"
"SUIM"|"AVBA"
"SUIM"|"RESI"
"SUIM"|"AFCF"
"SUIM"|"AVTN"
"OFIJ"|"EFVO"
"OFIJ"|"SECA"
"OFIJ"|"AVBA"
"LICO"|"EFVO"
"BARA"|"EFVO"
"BARA"|"SECA"
"BARA"|"AVBA"
"VACR"|"SECA"
"DONA"|"SECA"
"DONA"|"AVBA"
"ERFO"|"EFVO"
"ERFO"|"SECA"
"ERFO"|"AVBA"
"ERFO"|"RESI"
"ITER"|"EFVO"
"ITER"|"AVBA"
"ITER"|"SECA"
"TRAS"|"EFVO"
"TRAS"|"AVBA"
"TRAS"|"SECA"
"TILI"|"EFVO"
"RIGI"|"SECA"
"RIGI"|"EFVO"
"RIGI"|"AVBA"
"ICOL"|"EFVO"
"ICOL"|"AVBA"
"ICOL"|"TIDP"
"CAUC"|"EFVO"
"CAUC"|"AVBA"
"ENRE"|"EFVO"
"ENRE"|"SECA"
"ENRF"|"EFVO"
"ENRF"|"SECA"
"INHI"|"EFVO"
"INHI"|"AVBA"
"ANBE"|"RESI"
"AUES"|"RESI"
"BARA"|"RESI"
"CLAN"|"RESI"
"COMP"|"RESI"
"DUMP"|"RESI"
"ENES"|"RESI"
"EXTE"|"RESI"
"EXTP"|"RESI"
"FATR"|"RESI"
"FCAE"|"RESI"
"FCAP"|"RESI"
"FCEO"|"RESI"
"FCTX"|"RESI"
"IMTE"|"RESI"
"IMTP"|"RESI"
"INVA"|"RESI"
"INVO"|"RESI"
"LIPU"|"RESI"
"MORA"|"RESI"
"MOVA"|"RESI"
"MUAU"|"RESI"
"REAU"|"RESI"
"RECU"|"RESI"
"SUCO"|"RESI"
"SUEX"|"RESI"
"SUPE"|"RESI"
"TRAN"|"RESI"
"TRAP"|"RESI"
"VACR"|"RESI"
"DONA"|"EFVO"
"ESEX"|"DEJU"
"INHI"|"SECA"
