Codigo|Descripcion|Descripcion Ampliada
"70"|"MAA"|"MEGAU.INT.ACT.ATCOAG"
"50"|"UCI"|"MICROCURIE"
"41"|"MG"|"MILIGRAMO"
"69"|"UAA"|"U.INTER.ACT.ATCOAG"
"62"|"UAA"|"U.I.ACT.ANT"
"20"|"CM"|"CENTIMETRO"
"30"|"DA3"|"DAM CUBICO"
"14"|"G"|"GRAMO"
"32"|"KM3"|"KM CUBICO"
"72"|"MJ"|"MILLON DE JOULES"
"16"|"MM3"|"MM CUBICO"
"27"|"CM3"|"CM CUBICO"
"18"|"HL"|"HECTOLITRO"
"01"|"KG"|"KILOGRAMO"
"03"|"M2"|"METRO CUADRADO"
"02"|"M"|"METRO"
"49"|"MCI"|"MILICURIE"
"68"|"GRB"|"GRAMO BASE"
"52"|"MUI"|"MUIACTHOR"
"67"|"GRA"|"GRACTIVO"
"09"|"DOZ"|"DOCENA"
"31"|"HM3"|"HM CUBICO"
"25"|"MZ"|"JGO.PQT.MAZO NAIPES"
"07"|"1"|"UNIDAD"
"63"|"MAA"|"MUIACTANT"
"54"|"GR"|"GRUESA"
"66"|"KGA"|"KG ACTIVO"
"17"|"KM"|"KILOMETRO"
"05"|"L"|"LITRO"
"47"|"ML"|"MILILITRO"
"34"|"NOG"|"NANOGRAMO"
"53"|"KBA"|"KGBASE"
"65"|"MAI"|"MUIACTIG"
"06"|"MWH"|"MEGAWATT HORA"
"61"|"KGB"|"KG.BRUTO"
"04"|"M3"|"METRO CUBICO"
"29"|"T"|"TONELADA"
"51"|"UIH"|"U.I.ACT.HOR"
"64"|"UAI"|"U.I.ACT.IG"
"35"|"POG"|"PICOGRAMO"
"48"|"CI"|"CURIE"
"71"|"J"|"JOULE"
"33"|"UG"|"MICROGRAMO"
"15"|"MM"|"MILIMETRO"
"11"|"MR"|"MILLAR"
"08"|"2 U"|"PAR"
"10"|"QT"|"QUILATE"
