Codigo|Descripcion
"EQUI"|"Regimen Equipaje"
"SUBA"|"SUBASTAS"
"AUDE"|"AUTODECLA DE DEUDA"
"SEGD"|"SERV GUARDA/DIGITALI"
"ENCD"|"ENCOM.DOMICILIARIAS"
"DT28"|"DTO.28-23"
"LADI"|"LIQ. AUT. DIF."
"GAEX"|"ANT.IMP.GCIAS. EXPO."
"FAPA"|"FALTA DE PAGO"
"CENA"|"CERT ORIG NO APLICA"
"CEOB"|"CERT ORIG OBSERVADO"
"DESA"|"Desafectac.Reg.Impo"
"RECT"|"Art.4 Ley25983(rect)"
"REBD"|"RELIQ. BOL. DEUDA"
"PAIS"|"PAIS"
"TCAR"|"TOTAL LIQ.CARGILL"
"LCAR"|"LIQUIDACION CARGILL"
"AUTU"|"Autos Nac.e Import."
"AUSA"|"ARANC SERVICIOS ADUA"
"RASU"|"Intere Ara Decla Sum"
"FLEX"|"COEF.DES EX-REG.AUTO"
"DJVE"|"DECL.JUR.VTA.EXT."
"NACI"|"Nac.Contenedores"
"POST"|"POSTEMBARQUE"
"ENPO"|"ENVIO POSTAL"
"EPEX"|"ENVIO POSTAL EXPO"
"GATE"|"GARANT.TEMPORAL"
"CAPM"|"CARG SUPL PES MANUAL"
"IBOD"|"INICIO BOL. DEUDA"
"COUR"|"COURIER"
"CSUM"|"CARGO SUP.MAN."
"D433"|"DECRETO 433/2023"
"EMCU"|"EMBARGO CTA UNICA"
"CSUP"|"CARGO SUPLEMENTARIO"
"D549"|"DTO.549-23"
"ASUM"|"Arancel Sumarias"
"I994"|"Infrac. Art.994 C.A."
"I995"|"Infrac. Art.995 C.A."
"TARE"|"TASA REDUCIDA"
"TFZP"|"Transf. Zona Prim."
"DUPL"|"PAGO DUPLICADO"
"DEAN"|"DECLARAC. ANTICIPADA"
"PACO"|"REG. DE PACOTILLAS"
"ARTE"|"ARTEBA LEY 24633"
"DENU"|"DENUNCIA"
"REGA"|"REGIMEN ESP.ADEUDADO"
"SUSE"|"S.U.SERV.EXT."
"CONT"|"Contencioso"
"DEIN"|"DECL.INEXACTA"
"DEVR"|"DEVOL. DE BENEFICIOS"
"DFVA"|"Dif.Valor.(Aj.Valor)"
"DIDE"|"Difer. de derechos"
"EJEC"|"EJEC GTIAS OTROS VAL"
"ENCO"|"Encomiendas Post."
"FADO"|"FALTA DE DOCUMENTOS"
"MULT"|"MULTA DEL ART 218 CA"
"OFIC"|"OFICIALIZACION"
"OTRO"|"OTRO"
"PAGE"|"PAG.ANT.GCIAS. EXPO."
"PDPE"|"PAG.DENTRO P.ESPERA"
"RECO"|"RECONV. DTO. 1403/01"
"REFI"|"RELIQUID.SIST.FISC."
"REJE"|"RELIQ POR EJECUCION"
"REPA"|"REG ESPECIAL DE PAGO"
"SINT"|"SIN TENENCIA"
"SOFA"|"Sob./Falt.descarga"
"TRAN"|"TRANSITO"
"TRDS"|"TRANSG.DEST.SUS"
"TROT"|"OTRAS TRANSG."
"REDE"|"RELIQUID DE DERECHOS"
"RELM"|"RELIQUIDACION LMAN"
"LADA"|"LIQ AUT DERECHO ADIC"
"D793"|"DERECHO ADIC DEC 793"
"AUDP"|"AUTODECLAR DEUDA PES"
"RESA"|"RELIQ SERVICIOS ADUA"
"REDI"|"RELIQ. LADI"
"CCAR"|"RELIQ. CARGOS SUPL."
"RELI"|"RELIQUIDACION"
"PARE"|"PART. EXPO.-RG 3628"
"PART"|"PARTICULARES-RG 3628"
"TASU"|"TARIFA SUSTITUTIVA"
"DIPE"|"DIFERENCIA PESOS"
"BONO"|"BONO"
"STBI"|"SDO.TRAZAB.BONO IMP."
"D576"|"DECRETO 576/22"
"PIE5"|"PIE5-DECRETO 443/23"
"A453"|"Art.453 inc.h del CA"
"LRAF"|"LIQUIDACION RAF"
"DJ78"|"DJVE RES.78-2019"
"LAEX"|"LIQ AUTOM DEREC EXPO"
