Codigo|Denominacion
"101"|"BURKINA FASO"
"102"|"ARGELIA"
"103"|"BOTSWANA"
"104"|"BURUNDI"
"105"|"CAMERUN"
"107"|"REP. CENTROAFRICANA"
"108"|"CONGO"
"109"|"REP DEMOC. CONGO"
"110"|"COSTA DE MARFIL"
"111"|"CHAD"
"112"|"BENIN"
"113"|"EGIPTO"
"115"|"GABON"
"116"|"GAMBIA"
"117"|"GHANA"
"118"|"GUINEA"
"119"|"GUINEA ECUATORIAL"
"120"|"KENYA"
"121"|"LESOTHO"
"122"|"LIBERIA"
"123"|"LIBIA JAMAHIR. ARABE"
"124"|"MADAGASCAR"
"125"|"MALAWI"
"126"|"MALI"
"127"|"MARRUECOS"
"128"|"MAURICIO"
"129"|"MAURITANIA"
"130"|"NIGER"
"131"|"NIGERIA"
"132"|"ZIMBABWE"
"133"|"RWANDA"
"134"|"SENEGAL"
"135"|"SIERRA LEONA"
"136"|"SOMALIA"
"137"|"SWAZILANDIA"
"139"|"TANZANIA"
"140"|"TOGO"
"141"|"TUNEZ"
"142"|"UGANDA"
"144"|"ZAMBIA"
"145"|"T V REINO UNIDO AFR."
"146"|"T VINC A ESPANA AFR."
"147"|"T VINC A FRANCIA,AFR"
"149"|"ANGOLA"
"150"|"CABO VERDE"
"151"|"MOZAMBIQUE"
"152"|"SEYCHELLES"
"153"|"DJIBOUTI"
"155"|"COMORAS"
"156"|"GUINEA BISSAU"
"157"|"STO.TOME Y PRINCIPE"
"158"|"NAMIBIA"
"159"|"SUDAFRICA"
"160"|"ERITREA"
"161"|"ETIOPIA"
"162"|"SUDAN"
"163"|"SUDAN DEL SUR"
"198"|"INDET.(AFRICA)"
"200"|"ARGENTINA"
"201"|"BARBADOS"
"202"|"BOLIVIA"
"203"|"BRASIL"
"204"|"CANADA"
"205"|"COLOMBIA"
"206"|"COSTA RICA"
"207"|"CUBA"
"208"|"CHILE"
"209"|"DOMINICANA,REP."
"210"|"ECUADOR"
"211"|"EL SALVADOR"
"212"|"ESTADOS UNIDOS"
"213"|"GUATEMALA"
"214"|"GUYANA"
"215"|"HAITI"
"216"|"HONDURAS"
"217"|"JAMAICA"
"218"|"MEXICO"
"219"|"NICARAGUA"
"220"|"PANAMA"
"221"|"PARAGUAY"
"222"|"PERU"
"223"|"PUERTO RICO EST ASOC"
"224"|"TRINIDAD Y TOBAGO"
"225"|"URUGUAY"
"226"|"VENEZUELA"
"227"|"T V A REINO UNIDO AM"
"228"|"T V A DINAMARCA AMER"
"229"|"T V A FRANCIA, AMER"
"231"|"T VINC A USA, AMERIC"
"232"|"SURINAME"
"233"|"DOMINICA"
"234"|"SANTA LUCIA"
"235"|"S.VICENTE Y LAS GRAN"
"236"|"BELICE"
"237"|"ANTIGUA Y BARBUDA"
"238"|"S.CRISTOBAL Y NEVIS"
"239"|"BAHAMAS"
"240"|"GRANADA"
"242"|"ARUBA"
"243"|"BONAIRE,S.EUST.SABA"
"244"|"CURAZAO"
"245"|"SINT MARTEEN"
"250"|"TIERRA DEL FUEGO AAE"
"251"|"ZF LA PLATA (BS AS)"
"252"|"ZF.JUSTO DARACT S LU"
"253"|"ZF RIO GALLEGOS S CR"
"254"|"ISLAS MALVINAS"
"255"|"Z.F.TUCUMAN"
"256"|"Z.F.CORDOBA"
"257"|"Z.F.MENDOZA"
"258"|"ZF GRAL PICO L PAMPA"
"259"|"Z.F.COMODO.RIVADAVIA"
"260"|"ZF IQUIQUE (CHILE)"
"261"|"ZF PUNTA ARENAS (CHI"
"262"|"Z.F.SALTA"
"264"|"Z.F. PUERTO IGUAZU"
"265"|"SECTOR ANTARTICO ARG"
"266"|"Z.F. CORONEL ROSALES"
"267"|"ZF CONCE DEL URUGUAY"
"268"|"Z.F.V CONSTITUCION"
"269"|"Z.F. PUERTO GALVAN"
"270"|"ZF COLON (PANAMA)"
"271"|"Z.F.STA CRUZ SIERRA"
"272"|"ZONA FRANCA PACIFICO"
"273"|"ZFCOYOL ALAJUELA(CR)"
"274"|"Z.F. PERICO"
"275"|"Z.F. ZAPALA"
"280"|"ZF COLONIA (URUGUAY)"
"281"|"ZF FLORIDA (URUGUAY)"
"282"|"ZF LIBERTAD (URUGUAY"
"283"|"ZFZONAMERICA.EXMONTV"
"284"|"ZF NVA HELVECIA (URU"
"285"|"ZF NVA PALMIRA (URUG"
"286"|"ZF RIO NEGRO URUGUAY"
"287"|"ZF RIVERA (URUGUAY)"
"288"|"ZF SAN JOSE (URUGUAY"
"289"|"ZF PUNTA PEREIRA URU"
"290"|"ZFPRQCIENCIASSACANEL"
"291"|"ZF MANAOS (BRASIL)"
"295"|"MAR TER ARG/ZONA E E"
"296"|"RIOS NAC ARG NAV INT"
"298"|"INDET.(AMERICA)"
"301"|"AFGANISTAN"
"302"|"ARABIA SAUDITA"
"303"|"BAHREIN"
"304"|"MYANMAR"
"305"|"BUTAN"
"306"|"CAMBODYA(EX-KAMPUCHE"
"307"|"SRI LANKA"
"308"|"COREA DEMOCRATICA"
"309"|"COREA REPUBLICANA"
"310"|"CHINA"
"312"|"FILIPINAS"
"313"|"TAIWAN"
"315"|"INDIA"
"316"|"INDONESIA"
"317"|"IRAQ"
"318"|"IRAN"
"319"|"ISRAEL"
"320"|"JAPON"
"321"|"JORDANIA"
"322"|"QATAR"
"323"|"KUWAIT"
"324"|"LAOS"
"325"|"LIBANO"
"326"|"MALASIA"
"327"|"MALDIVAS"
"328"|"OMAN"
"329"|"MONGOLIA"
"330"|"NEPAL"
"331"|"EMIRATOS ARABES,UNID"
"332"|"PAQUISTAN"
"333"|"SINGAPUR"
"334"|"SIRIA"
"335"|"TAILANDIA"
"337"|"VIETNAM"
"341"|"HONG KONG R A E CHIN"
"344"|"MACAO (R A E CHINA)"
"345"|"BANGLADESH"
"346"|"BRUNEI DARUSSALAM"
"348"|"REP. DE YEMEN"
"349"|"ARMENIA"
"350"|"AZERBAIJAN"
"351"|"GEORGIA"
"352"|"KAZAJSTAN"
"353"|"KIRGUISTAN"
"354"|"TAYIKISTAN"
"355"|"TURKMENISTAN"
"356"|"UZBEKISTAN"
"357"|"PALESTINA"
"358"|"TIMOR ORIENTAL"
"398"|"INDET.(ASIA)"
"401"|"ALBANIA"
"404"|"ANDORRA"
"405"|"AUSTRIA"
"406"|"BELGICA"
"407"|"BULGARIA"
"409"|"DINAMARCA"
"410"|"ESPA#A"
"411"|"FINLANDIA"
"412"|"FRANCIA"
"413"|"GRECIA"
"414"|"HUNGRIA"
"415"|"IRLANDA"
"416"|"ISLANDIA"
"417"|"ITALIA"
"418"|"LIECHTENSTEIN"
"419"|"LUXEMBURGO"
"420"|"MALTA"
"421"|"MONACO"
"422"|"NORUEGA"
"423"|"PAISES BAJOS"
"424"|"POLONIA"
"425"|"PORTUGAL"
"426"|"REINO UNIDO"
"427"|"RUMANIA"
"428"|"SAN MARINO"
"429"|"SUECIA"
"430"|"SUIZA"
"431"|"SANTA SEDE VATICANO"
"433"|"T V A REINO UNIDO EU"
"435"|"CHIPRE"
"436"|"TURQUIA"
"438"|"REP. FED DE ALEMANIA"
"439"|"BIELORRUSIA"
"440"|"ESTONIA"
"441"|"LETONIA"
"442"|"LITUANIA"
"443"|"MOLDAVIA"
"444"|"RUSIA"
"445"|"UCRANIA"
"446"|"BOSNIA HERZEGOVINA"
"447"|"CROACIA"
"448"|"ESLOVAQUIA"
"449"|"ESLOVENIA"
"450"|"MACEDONIA"
"451"|"REP. CHECA"
"453"|"MONTENEGRO"
"454"|"SERBIA"
"498"|"INDET.(EUROPA)"
"501"|"AUSTRALIA"
"503"|"NAURU"
"504"|"NUEVA ZELANDIA"
"505"|"VANUATU"
"506"|"SAMOA OCCIDENTAL"
"507"|"T V A AUSTRALIA OCEA"
"508"|"T V A REINO UNIDO OC"
"509"|"T V A FRANCIA (OCEAN"
"510"|"T V A NVA ZELANDA OC"
"511"|"T V A USA (OCEANIA)"
"512"|"FIJI, ISLAS"
"513"|"PAPUA NUEVA GUINEA"
"514"|"KIRIBATI, ISLAS"
"515"|"MICRONESIA,EST.FEDER"
"516"|"PALAU"
"517"|"TUVALU"
"518"|"SALOMON,ISLAS"
"519"|"TONGA"
"520"|"MARSHALL,ISLAS"
"521"|"MARIANAS,ISLAS"
"598"|"INDET.(OCEANIA)"
"998"|"INDET.(CONTINENTE)"
