Codigo Subregimen|Regimen Arancelario|Descripcion
"IT16"|"IMPTEMCT"|"IMPORTACION TEMPORARIA P/TRANSFORM. SOBRE DEP.ALMAC."
"EC16"|"EXPCON"|"EXPORTACION P/CONSUMO DE RESIDUOS DE IMPO TEMP P/TRANSF"
"EC06"|"EXPCON"|"EXPORTACION A CONSUMO DE EXPORT.TEMPORAL S/TRANSFORM."
"IC24"|"RETEXTECT"|"RETORNO EXPORT.TEMPOR.C/TRANSFORM.C/DOC. DE TRANSPORTE"
"IC35"|"RETEXTEST"|"RETORNO EXPORT.TEMP.S/TRANSF.C/DOC.TRANSPORT.D.A.P."
"EC08"|"EXPCONS"|"EXPORTACION A CONSUMO DE MERC. CON PRECIOS REVISABLES"
"EC09"|"EXPCONS"|"EXPORTACION A CONSUMO DE CONCENTRADO DE MINERALES"
"TZF6"|"IMPDEPALMACEN"|"TRANSFERENCIA ENTRE USUARIOS DIRECTOS Y/O INDIRECTOS"
"TB04"|"TRASBORDO"|"TRASBORDO CON DOCUMENTO DE TRANSPORTE"
"TB05"|"TRASBORDO"|"TRASBORDO CON DOCUMENTO DE TRANSPORTE DAP"
"ETE1"|"EXPTEMCT"|"EGRESO TEMP DEL AAE AL EXT. C/TRANS. TERRES. POR TNC"
"TG06"|"IMPTEMST"|"IMP.TEMP.S/TRANSF.P/GRAN.OPER.SOBRE DEP.ALMACENAMIENTO"
"TG01"|"IMPTEMST"|"IMPORTACION TEMPORAL GRANDES OPERAD.S/TRANSF.S/DOC.TRAN"
"ER02"|"EXPCON"|"RANCHO PARA MEDIOS DE TRANSPORTE DE BANDERA NACIONAL"
"IC55"|"VALORES"|"IMPORTACION DE VALORES - DAP"
"EG03"|"EXPCON"|"EXPORTACION A CONSUMO C/DIT PARA TRANSF GRANDES OPERAD"
"EGS1"|"EXPCON"|"EXPORTACION DE MERCADERIAS EN CONSIGNACION P/GRAN OPER."
"TG03"|"IMPTEMST"|"IMPORT.TEMPORAL S/TRANSF.VIA TERREST.DE ENV.FRAC.G/OPER"
"IG34"|"RETEXTEST"|"RETORNO EXPORT.TEMP.S/TRANF.C/DOC.DE TRANSP. G.OPERADOR"
"IG21"|"RETEXTECT"|"RETORNO EXPO.TEMP.C/TRANSF.S/DOC.TRANSPORTE GRAN OPERAD"
"ICR5"|"IMPCONTEMRESIDUO"|"DECLARACION DE PERDIDAS TANGIBLES RAF"
"ECP1"|"IMPCONTEMST"|"EGRESO DEF.MERC.EXTRANJ.C/PREV.EGR.TEMP. A PLAT.MARINAS"
"TRM5"|"TRAIMPCT"|"TRANSITO MONITOREADO CON DOCUMENTO DE TRANSPORTE DAP"
"PRI4"|"RETEXTEST"|"PARTICULAR RETORNO DE SALIDA TEMPORAL CON DOC. DE TTE."
"IC04"|"IMPCON"|"IMPORTACION A CONSUMO CON DOCUMENTO DE TRANSPORTE"
"DIRZ"|"IMPDEPALMACEN"|"TRANSFER. DE PROVEEDRO A RAF DE BIENES TRANSFORMADOS"
"IT11"|"IMPTEMCT"|"IMPORTACION TEMPORARIA PARA TRANSFORM.S/DOC.TRANSPORTE"
"TR01"|"TRAIMPST"|"TRANSITO DE IMPORTACION SIN DOCUMENTO DE TRANSPORTE"
"TR04"|"TRAIMPCT"|"TRANSITO DE IMPORTACION CON DOCUMENTO DE TRANSPORTE"
"ET01"|"EXPTEMCT"|"EXPORTACION TEMPORARIA CON TRANSFORMACION"
"IT01"|"IMPTEMST"|"IMPORTACION TEMPORARIA S/TRANSFORM. S/DOC.TRANSPORTE"
"ZFI1"|"IMPDEPALMACEN"|"INGR.ZF DE BIENES DE CAP.LIBRE CIRC.P/RADIC.DEFIN.DE TA"
"ZFI3"|"IMPDEPALMACEN"|"INGR.ZF BIENES DE CAPITAL PARA RADIC.DEFINITIVA DEL EXT"
"ZFE2"|"EXPCON"|"EG.POR AEROP./PUERTO DE LA ZF EN EL MISMO ESTADO AL EXT"
"TZF2"|"IMPDEPALMACEN"|"TRANSFERENCIA ENTRE USUARIOS DIRECTOS Y/O INDIRECTOS"
"TZF4"|"IMPDEPALMACEN"|"TRANSFERENCIA ENTRE USUARIOS DIRECTOS Y/O INDIRECTOS"
"RZF3"|"IMPDEPALMACEN"|"TRANSF.E/US.DIR.Y/O INDIR.C/REENVASADO O REENVASADO USU"
"RZF5"|"IMPDEPALMACEN"|"TRANSF.E/US.DIR.Y/O INDIR.C/REENVASADO O REENVASADO USU"
"RZF6"|"IMPDEPALMACEN"|"TRANSF.E/US.DIR.Y/O INDIR.C/REENVASADO O REENVASADO USU"
"RZF7"|"IMPDEPALMACEN"|"TRANSF.E/US.DIR.Y/O INDIR.C/REENVASADO O REENVASADO USU"
"DIS1"|"IMPCON"|"DESTINACION DE IMPORTACION SIMPLIFICADA S/DOC."
"ECA1"|"IMPCON"|"EGRESO A CONS.EN TNC MERC.ORIG.AAE EGRE.MISMO PRODUCTOR"
"TG15"|"IMPTEMCT"|"IMPORT.TEMPORARIA P/TRANSF C/DOC DE TRASP DAP GRAN OPER"
"TG04"|"IMPTEMST"|"IMP.TEMP.GRAN.OPER.CON DOC.DE TRANS.SIN TRANSFORMACION"
"DJVE"|"DJVE"|"DECLARACION JURADA DE VENTA AL EXTERIOR LEY 21453"
"EGT2"|"EXPTEMST"|"EXPORTACION TEMPORARIA SIN TRANF. GRAN OPERADOR"
"EG07"|"EXPCONS"|"EXPORTACION A CONSUMO DE MERC.EN CONSIG.P/GRAN OPERADOR"
"DJVR"|"DJVE"|"DECLAR.JURADA DE VTA AL EXTER.LEY 21453 - RESIDUALES"
"IC31"|"RETEXTEST"|"RETORNO EXPOR.TEMP.S/TRANSFORMACION S/DOC.TRANSPORTE"
"ICR4"|"IMPCONTEMRESIDUO"|"IMPORTACION A CONSUMO DE RESIDUOS DE PROC PRODUC RAF"
"ICRS"|"IMPDEPALMACEN"|"AJUSTE DE STOCK POR DIFERENCIA EN MAS"
"EC18"|"EXPCON"|"EXPORTACION A CONSUMO DESDE ZONA FRANCA AL EXTERIOR"
"ZFE7"|"IMPCONTEMRESIDUO"|"EGRESO ZF DE RESIDUO ORIG NAC DE PROCPROD C/S VALOR COM"
"PRI5"|"RETEXTEST"|"PARTICULAR RETORNO DE SALIDA TEMP. C/ DOC. DE TTE. DAP"
"TRP1"|"TRAIMPST"|"TRANSITO DE PARTICULAR IMPORTACION SIN DOC. DE TRANSP."
"ER06"|"EXPCON"|"RANCHO P/ MED DE TRANSP DE BAND NACIONAL CANC DEST BARA"
"IC03"|"IMPCON"|"IMPORT. CONSUMO DE MERC. VIA TERREST. EN ENVIOS FRACC."
"PET1"|"EXPTEMST"|"PARTICULAR EXPORTACION TEMPORAL"
"TRB1"|"TRASBORDO"|"TRASBORDO ACUATICO C/DEST ADUANA INTERIOR C/DOC. TRANSP"
"REM1"|"REMOVIDO"|"DESTINACION SUSPENSIVA DE REMOVIDO"
"EC02"|"EXPCON"|"EXPORTACION A CONSUMO C/DIT SIN TRANSFORMACION"
"TR06"|"TRAIMPST"|"TRANSITO DE IMPORTACION S/DEPOSITO DE ALMACENAMIENTO"
"IT14"|"IMPTEMCT"|"IMPORTACION TEMPORARIA P/TRANSFORM.C/DOC.DE TRANSPORTE"
"RE05"|"REEMBARCO"|"REEMBARCO CON DOCUMENTO DE TRANSPORTE DAP"
"RE06"|"REEMBARCO"|"REEMBARCO SOBRE DESTINACION SUSP. DE ALMACENAMIENTO"
"IC25"|"RETEXTECT"|"RETORNO EXPORT.TEMP.C/TRAFORM.C/DOC.TRANSPORTE D.A.P."
"IC34"|"RETEXTEST"|"RETORNO EXPORT.TEMP.S/TRANSFORM.C/DOC.DE TRANSP."
"ES03"|"EXPCON"|"EXPORTACION DE CONCENTRADO DE MINERALES"
"IC45"|"RETEXTEST"|"RETORNO DE EXPORT.EN CONSIGNACION C/DOC.TRANSP.DAP"
"ZFI4"|"IMPDEPALMACEN"|"INGR.ZF MERC.LIBRE CIRC.P/ALMAC./COMERC./REP. DEL T.A."
"ZFI5"|"IMPDEPALMACEN"|"ING.ZF MERC.ALMACENAM.Y/O COMERC. Y/O REPARAC. DEL EXT."
"ZFER"|"IMPCON"|"RETORNO AL T.A. DE ACUERDO AL ART.566 DEL C.A."
"RZF4"|"IMPDEPALMACEN"|"TRANSF.E/US.DIR.Y/O INDIR.C/REENVASADO O REENVASADO USU"
"ECA4"|"IMPCON"|"REIMPOR.AL TNC MERC. EXPORT. DESDE TNC AL AAE"
"REMO"|"REMOVIDO"|"GUIA DE REMOVIDO"
"IG03"|"IMPCON"|"IMPORT.CONSUMO P/GRAN OPER.VIA TERRESTRE ENVIOS FRACC."
"EG01"|"EXPCON"|"EXPORTACION A CONSUMO GRAN OPERADOR"
"ICR1"|"IMPCON"|"IMPORTACION A CONSUMO DE BIENES TRANSFORMADOS RAF"
"IC65"|"IMPCON"|"IMPORTACION CONSUMO DE GRANEL D.A.P. CON MANI REGISTR"
"IG81"|"IMPCONTEMCT"|"IMPO PARA CONSUMO DE IMPO TEMP P/TRANF GRANDES OPERAD"
"IG82"|"IMPCONTEMRESIDUO"|"IMPO PARA CONSUMO  DE RESIDUOS DE IMP TEMP P/TRANF G OP"
"ECR2"|"REEMBARCO"|"EGRESO DE MERCADERIA S/TRANSF. POR VENTA AL EXTERIOR"
"IG25"|"RETEXTECT"|"RETORNO EXPO.TEMP.C/TRANSF.C/DOC.TRASNPORTE DAP GRAN OP"
"EC19"|"EXPCONS"|"EXPORTACION A CONSUMO CON CANC DE INSUMO INGR TEMP A ZF"
"ZFS1"|"IMPCON"|"INGRESO REG.FRANQ.DIPLOMAT. DESDE Z.FRANCA NAC. S/DOC."
"ES41"|"EXPCON"|"EGRESO VEH.PREVIAM. INGR. POR REG.FRANQ. DIPLOMATICA"
"ER03"|"EXPCON"|"RANCHO/ APROVIS.M.TRANSP.BAND.EXTRANJ.EXCEP COMB Y LUBR"
"PIT5"|"IMPTEMST"|"PARTICULAR IMPORTACION TEMPORAL CON DOC. DE TTE. D.A.P."
"PRI1"|"RETEXTEST"|"PARTICULAR RETORNO DE SALIDA TEMPORAL SIN DOC. DE TTE."
"TRP5"|"TRAIMPCT"|"TRANSITO DE PARTICULAR IMPORTACION CON DOC. DE TTE. DAP"
"IC01"|"IMPCON"|"IMPORTACION A CONSUMO SIN DOC. DE TRANSPORTE"
"IC06"|"IMPCON"|"IMPORTACION A CONSUMO SOBRE DEPOSITO DE ALMACENAMIENTO"
"IC07"|"IMPCON"|"IMPORTACION A CONSUMO REGIMEN AUTOMOTRIZ C/DOC DAP"
"ZFE1"|"IMPCON"|"EGRESO ZF PARA CONSUMO EN EL TERRITORIO"
"IT08"|"IMPDEPALMACEN"|"TRANSFERENCIA DE IMPORTACION TEMPORAL S/ TRANSFORMACION"
"IDT4"|"IMPDEPALMACEN"|"TRANSFER. DE COPIA DE DEPOSITO DE ALMACENAMIENTO"
"REP1"|"REEMBARCO"|"REEMBARCO PARTICUALR SIN DOCUMENTO DE TRANSPORTE"
"ES01"|"EXPCON"|"EXPORTACION DE MERCADERIAS EN CONSIGNACION"
"ES02"|"EXPCON"|"EXPORTACION DE MERCADERIAS CON PRECIOS REVISABLES"
"RZF1"|"IMPDEPALMACEN"|"TRANSF.E/US.DIR.Y/O INDIR.C/REENVASADO O REENVASADO USU"
"ZFTR"|"TRAIMPST"|"EG.Z.F.TRANSITO AL EXTERIOR EN EL MISMO ESTADO DE ING."
"ZFE4"|"EXPCON"|"EGR ZF DE UN PROD.DE PROC.PRODUCT. O REPARACION AL EXT"
"ZFE6"|"EXPCON"|"EGR ZF DE UN RESIDUO DE PROCESO PROD.C/VALOR COM AL EXT"
"TZF3"|"IMPDEPALMACEN"|"TRANSFERENCIA ENTRE USUARIOS DIRECTOS Y/O INDIRECTOS"
"IT13"|"IMPTEMCT"|"IMPORT TEMPORARIA P/TRANF VIA TERRESTRE DE ENVIOS FRACC"
"IT05"|"IMPTEMST"|"IMPORTACION TEMPORARIA S/TRANSF. C/DOC. TRANSP. DAP"
"ETA1"|"IMPTEMCT"|"EGRESO TEMPORALMENTE EN EL TNC DE MERC. PROV. DEL AAE"
"TG05"|"IMPTEMST"|"IMPORTACION TEMP.GRAN.OPERADOR S/TRANS.C/DOC.TRANSP.DAP"
"IC75"|"IMPCON"|"IMPORTACION A CONSUMO C/DOC TRANSP.DAP FORM7366 MANI-RG"
"ET19"|"EXPTEMCT"|"EXPORTACION TEMPORALDE INSUMO DE PROC PROD C/DEST A ZF"
"EG05"|"EXPCONS"|"EXPORTACION A CONSUMO DE EXP.TEMP.C/TRANSF. P/GRAN OPER"
"IDA4"|"IMPDEPALMACEN"|"IMPORTACION SUSPENSIVA DE DEP. DE ALMACENAMIENTO"
"IT18"|"IMPTEMCT"|"IMPORTACION TEMP. PARA TRANSFORMACION CON TRANFERENCIA"
"LAMI"|"IMPDEPALMACEN"|"LICENCIA AUTORIZACION MINERIA"
"IDP1"|"IMPDEPALMACEN"|"INGR. A DEP. DE MERC. EXTRANJERA P/USO EN PLAT. MARINA"
"IS32"|"IMPTEMST"|"CAMBIO DE MOTIVO DECL. AL INGRESO VEH.BAJO FRANQ.DIPLO"
"EC23"|"EXPCON"|"EXPORTACION A CONSUMO REG.ROSA C/DIT C/TRANSFORMACION"
"IT25"|"IMPTEMCT"|"IMPORT.TEMPORARIA REG.ROSA P/TRANSF.C/DOC.TRASPORTE DAP"
"TRP4"|"TRAIMPCT"|"TRANSITO DE PARTICULAR IMPORTACION CON DOC. DE TTE."
"PE01"|"EXPCON"|"PARTICULAR EXPORTACION PARA CONSUMO"
"ZFE3"|"IMPCON"|"EGR.ZF DE UN PRODUCTO DE UN PROCESO PRODUCTIVO AL T.A."
"PI01"|"IMPDEPALMACEN"|"PARTICULAR IMPORTACION SIN DOCUMENTO DE TRANSPORTE"
"TRB3"|"TRASBORDO"|"TRASBORDO ACUATICO CON DEST AL EXT O AL SECTOR ANT ARG"
"EC11"|"EXPCON"|"EXPORTACION A CONSUMO QUE CANCELA UNA DECLARACION BARA"
"IT15"|"IMPTEMCT"|"IMPORTACION TEMPORARIA P/TRANSF.C/DOC DE TRANSP.DAP"
"EC05"|"EXPCONS"|"EXPORTACION A CONSUMO DE EXPORT.TEMP.C/TRANSFORMACION"
"IT07"|"IMPTEMST"|"IMPORTACION TEMPORAL REGIMEN AUTOMOTRIZ S/TRANSF.DAP"
"IT17"|"IMPTEMCT"|"IMPORTACION TEMPORARIA P/TRANSF REGIMEN AUTOMOTRIZ DAP"
"ER01"|"EXPCON"|"RANCHO PARA MEDIO DE TRANSPORTE DE BANDERA EXTRANJERA"
"TZF1"|"IMPDEPALMACEN"|"TRANSFERENCIA ENTRE USUARIOS DIRECTOS Y/O INDIRECTOS"
"ZFET"|"IMPCON"|"RETORNO AL T.A. DE MERCADERIA EXPORTADA TEMPORALMENTE"
"ZFI2"|"IMPDEPALMACEN"|"ING.ZF VITUALLAS Y MERC.DEST.CONTRUCC.INSTAL. DEL EXTER"
"TZF5"|"IMPDEPALMACEN"|"TRANSFERENCIA ENTRE USUARIOS DIRECTOS Y/O INDIRECTOS"
"RZF8"|"IMPDEPALMACEN"|"TRANSF.E/US.DIR.Y/O INDIR.C/REENVASADO O REENVASADO USU"
"ECE1"|"EXPCON"|"EGRESO DEL AAE A CONS. EN EXT.C/TRANS. TERRES. POR TNC"
"IG04"|"IMPCON"|"IMPORTACION A CONSUMO P/GRAN.OPER.CON DOC.TRANSPORTE"
"IC51"|"VALORES"|"IMPORTACION DE VALORES"
"EG02"|"EXPCON"|"EXPORTACION A CONSUMO C/DIT SIN TRANS.GRAN OPERADOR"
"TR51"|"VALORES"|"TRANSITO DE VALORES"
"IC33"|"RETEXTEST"|"RETORNO EXP.TEMP.S/TRANSF DE MERC VIA TERREST ENV FRACC"
"IT65"|"IMPTEMCT"|"IMPORTACION TEMPORARIA P/TRANSF. D.A.P. GRANEL MANI REG"
"RR01"|"REEMBARCO"|"REEXPORTACION DE MERC. NO UTILIZADAS POR EL RAF"
"IG35"|"RETEXTEST"|"RETORNO EXP.TEMP.S/TRANSF.C/DOC.TRANSP.DAP P/G.OPERADOR"
"DIR5"|"IMPTEMCT"|"DECLARACION DE IMP SUSP EN RAF AL ARRIBO C/DOC DE TRANS"
"IG31"|"RETEXTEST"|"RETORNO EXPO.TEMP.S/TRANSF. S/DOC.TRANSPORTE GRAN OPERD"
"EG06"|"EXPCON"|"EXPORTACION A CONSUMO DE EXP.TEMP.S/TRANF. P/GRAN OPER."
"IC84"|"IMPCONTEMRESIDUO"|"IMPORT P/CONSUMO DE IMP TEMP P/TRANSF PERDIDAS TANGIBLE"
"ETP1"|"IMPTEMST"|"EGRESO TEMPORAL DE TNC MERC.EXTRANJERA PARA PLAT.MARINA"
"RTP1"|"IMPCONTEMST"|"RET.MERC.EXTRANJ. AL TNC C/PREV. EGR. TEMP. A P.MARINA"
"ECP2"|"IMPCON"|"EGRESO DEF. DEL TNC DE MERC. EXTRANJERA P/PLAT. MARINA"
"IS14"|"IMPCON"|"INGRESO POR REG.FRANQ.DIPLOMATICAS C/DOC.TRANSP."
"TRM4"|"TRAIMPCT"|"TRANSITO MONITOREADO CON INGRESO A DEPOSITO"
"PER1"|"EXPCON"|"PARTICULAR EXPORTACION DE IMPORTACION TEMPORAL"
"REP4"|"REEMBARCO"|"REEMBARCO PARTICULAR CON DOCUMENTO DE TRANSPORTE"
"ECSI"|"EXPCON"|"EXPORTACION A CONSUMO SIMPLE  R.G. CONJ. NRO. 4049-E"
"PI83"|"IMPCONTEMST"|"IMPORTACION A CONS. DE PARTICULAR IMPORTACION TEMPORAL"
"ZFT1"|"IMPTEMST"|"EGRESO ZONA FRANCA PARA IMPORTACION TEMPORAL SIN TRANSF"
"IC81"|"IMPCONTEMCT"|"IMPORTACION A CONSUMO DE IMPORTACION TEMP.C/TRANSFOMAC."
"IC82"|"IMPCONTEMRESIDUO"|"IMPORT A CONSUMO DE RESIDUOS DE IMPORT TEMP P/TRANSF"
"IC83"|"IMPCONTEMST"|"IMPORTACION A CONSUMO DE IMP.TEMPORARIA S/TRANSFORMAR"
"IT04"|"IMPTEMST"|"IMPORTACION TEMPORARIA S/TRANSFORMACION C/DOC.TRANSPORT"
"IT06"|"IMPTEMST"|"IMPORTACION TEMPORARIA S/TRANSF. SOBRE DEP. ALMACENAM."
"IDA2"|"IMPDEPALMACEN"|"IMPORTACION SUSPENSIVA DE DEP. DE ALMACENAMIENTO"
"EC01"|"EXPCON"|"EXPORTACION A CONSUMO"
"ZFI7"|"IMPDEPALMACEN"|"ING.ZF INSUMOS LIBRE CIRC.P/PROC.PRODUCT. DESDE T.A."
"ZFRE"|"REEMBARCO"|"REEMBARCO POR AEROPUERTO/PUERTO DE LA Z.F. MISMO ESTADO"
"TZF8"|"IMPDEPALMACEN"|"TRANSFERENCIA ENTRE USUARIOS DIRECTOS Y/O INDIRECTOS"
"DIS4"|"IMPCON"|"DESTINACION DE IMPORTACION SIMPLIFICADA"
"DIS5"|"IMPCON"|"DESTINACION DE IMPORTACION SIMPLIFICADA DAP"
"IT03"|"IMPTEMST"|"IMPORT. TEMPORAL S/TRANSF. VIA TERREST. DE ENVIOS FRACC"
"EXRS"|"EXPCON"|"EXPORTACION REGIMEN SIMPLIFICADO DECRETO NRO.855/97"
"IG05"|"IMPCON"|"IMPORTACION A CONSUMO P/GRAN.OPER.C/DOC.DE TRANSP.DAP"
"IG01"|"IMPCON"|"IMPORTACION A CONSUMO P/GRAN.OPERADORES S/DOC.TRANSP."
"IG06"|"IMPCON"|"IMP.A CONSUMO P/GRAN.OPER.SOBRE DEP. DE ALMACENAMIENTO"
"TG16"|"IMPTEMCT"|"IMP.TEMP P/TRANSF. SOBRE DEPOSITO ALMACEN GRANDES OPER"
"DIRR"|"IMPDEPALMACEN"|"DECLARACION DE INGRESO AL REGIMEN RAF"
"ICR2"|"IMPCONTEMCT"|"IMPORTACION A CONSUMO DE BIENES NO TRANSFORMADOS RAF"
"DIR6"|"IMPTEMCT"|"DECLARACION DE IMP SUSP RAF S/DEP.ALMACENAMIENTO"
"DIRH"|"IMPTEMCT"|"DECLAR IMP SUSP RAF DE MERC IMP TEMP POR USUARIO P/CAN"
"ICRF"|"IMPDEPALMACEN"|"AJUSTE DE STOCK POR DIFERENCIA EN MENOS"
"IG24"|"RETEXTECT"|"RETORNO EXPO.TEMP.C/TRANSF.C/DOC.TRANSPORTE GRAN OPERAD"
"EC03"|"EXPCON"|"EXPORTACION PARA CONSUMO CON DIT PARA TRANSFORMACION"
"IS11"|"IMPCON"|"INGRESO POR REG.FRANQ.DIPLOMATICAS S/DOC.TRANSP."
"ECA5"|"EXPCONS"|"EGRESO DEF GAS NATURAL AL TNC DE MERC DE AAE DUCTOS"
"PI06"|"IMPDEPALMACEN"|"PARTICULAR IMPORTACION SOBRE DEPOSITO DE ALMACENAMIENTO"
"ER05"|"EXPCON"|"RANCHO P/ MED DE TRANSP DE BAND EXTRANJ. CANC DEST BARA"
"IC67"|"IMPCON"|"IMPORTACION A CONSUMO DE MERC IMO DAP CON MANI REG"
"IC05"|"IMPCON"|"IMPORTACION A CONSUMO C/DOC. DE TRANSPORTE D.A.P."
"VMI1"|"EXPCON"|"VENTA EN EL MERC INT DE COMBUSTIBLE PARA EMBARC RG 4753"
"ES05"|"EXPCON"|"EGRESO GAS NATURAL C/PRECIO REVIS PROV Y ORIGIN DEL AAE"
"TR05"|"TRAIMPCT"|"TRANSITO DE IMPORTACION CON DOCUMENTO DE TRANSPORTE DAP"
"ET02"|"EXPTEMST"|"EXPORTACION TEMPORARIA SIN TRANSFORMACION"
"RE01"|"REEMBARCO"|"REEMBARCO SIN DOCUMENTO DE TRANSPORTE"
"RE04"|"REEMBARCO"|"REEMBARCO CON DOCUMENTO DE TRANSPORTE"
"IC21"|"RETEXTECT"|"RETORNO EXPORT.TEMP.C/TRANSFORMACION S/DOC.TRANSPORTE"
"IC44"|"RETEXTEST"|"RETORNO DE EXPORTACION EN CONSIGNACION C/DOC.TRANSP."
"ZFI6"|"IMPDEPALMACEN"|"ING.ZF INSUM.LIBRE CIRC.EN FORMA TEMP P/PROC.PROD.DE TA"
"RZF2"|"IMPDEPALMACEN"|"TRANSF.E/US.DIR.Y/O INDIR.C/REENVASADO O REENVASADO USU"
"TG17"|"IMPTEMCT"|"IMPORTACION TEMPORARIA P/TRANF DAP GRANDES OPERADORES"
"TG11"|"IMPTEMCT"|"IMPORT TEMPORARIA P/TRANSF S/DOC D TRANSP GRANDES OPER."
"IC41"|"RETEXTEST"|"RETORNO DE EXPORTACION EN CONSIGNACION S/DOC.TRANSP."
"DIR1"|"IMPTEMCT"|"DECLARACION DE IMP SUSP EN EL RAF EN PLANT S/DOC TRANSP"
"ICR3"|"IMPCON"|"IMPORTACION A CONS DE BIENES TRANS EGR DE PLANTA C/TLR1"
"DIR4"|"IMPTEMCT"|"DECLARACION DE IMP SUSP AL RAF EN PLANTA C/DOC DE TRANS"
"IC39"|"RETEXTEST"|"RETORNO DE INSUMOS DE PROCESOS PRODUCTIVOS DE ZF S/TRAF"
"EG13"|"EXPCON"|"EXPORTACION A CONSUMO C/DIT P/TRANSF GRAN OPERAD C/AUTO"
"IG84"|"IMPCONTEMRESIDUO"|"DECLARACION DE PERDIDAS TANGIBLES P/ GRANDES OPERADORES"
"IG36"|"RETEXTEST"|"RETORNO EXP.TEMP.S/TRANSF.SOBRE DEP. ALMACEN. GRAN OPER"
"IC99"|"IMPCON"|"IMPO A CONSUMO DE MERC EN SITUACION DE REZAGO P/TITULAR"
"IS15"|"IMPCON"|"INGRESO POR REG.FRANQ.DIPLOMAT. C/DOC.TRANSP. DAP"
"IS31"|"IMPTEMST"|"TRANSFERENCIA DE VEH. INGRESADOS POR REG. FRANQ.DIPLOM."
"IS06"|"IMPCON"|"IMP. VEHIC. REG. FRANQUICIA DIPLOMATICA S/DEP ALMACEN"
"IT24"|"IMPTEMCT"|"IMPORT.TEMPORARIA REG.ROSA P/TRANSFORM.C/DOC.TRANSPORTE"
"TRM6"|"TRAIMPST"|"TRANSITO MONITOREADO DE IMPO S/DEPOS. DE ALMACENAMIENTO"
"ER04"|"EXPCON"|"RANCHO/APROVIS.M.TRANSP.BAND.NACION.EXCEP COMB Y LUBRIC"
"PZF1"|"IMPDEPALMACEN"|"PARTICULAR DE EGRESO DE Z. FRANCA P/CONSUMO EN EL T.A."
"PIT4"|"IMPTEMST"|"PARTICULAR IMPORTACION TEMPORAL CON DOCUMENTO DE TRANSP"
"PI05"|"IMPDEPALMACEN"|"PARTICULAR IMPORTACION CON DOC. DE TRANSPORTE D.A.P."
"PRI6"|"RETEXTEST"|"PARTICULAR RETORNO DE SALIDA TEMP. SOBRE DEP. DE ALMAC."
"REP6"|"REEMBARCO"|"REEMBARCO PARTICULAR SOBRE DESTINAC SUSPENS DE ALMACEN"
"PI04"|"IMPDEPALMACEN"|"PARTICULAR IMPORTACION CON DOCUMENTO DE TRANSPORTE"
"IC02"|"IMPCON"|"IMPORT.A CONSUMO MERCADERIA REGIMEN DE SOLICITUD PREVIA"
"IG26"|"RETEXTECT"|"RETORNO EXP. TEMP. C/TRANSF.S/ DEP. DE ALM. GRAN OPERAD"
"ZFT2"|"IMPTEMCT"|"EGRESO ZONA FRANCA PARA IMPORTACION TEMPORAL CON TRANSF"
"TRB2"|"TRASBORDO"|"TRASBORDO ACUATICO C/DEST. ADUANA INT C/ DOC.TRANSP DAP"
"EC07"|"EXPCONS"|"EXPORTACION A CONSUMO DE MERCADERIA EN CONSIGNACION"
"EC04"|"EXPCON"|"EXPORT.P/CONSUMO CON DIT INGR P/TRANSF EGR SIN TRANSF"
"IC26"|"RETEXTECT"|"RETORNO EXPORT.TEMP.C/TRANSF.S/ DEP.DE ALMACENAMIENTO"
"IC36"|"RETEXTEST"|"RETORNO EXPORT.TEMP.S/TRANSF.SOBRE DEP. ALMACENAMIENTO"
"ZFI8"|"IMPDEPALMACEN"|"ING.ZF INSUMOS PARA PROCESOS PRODUCTIVOS DEL EXTERIOR"
"ZFE5"|"IMPCON"|"EGR.ZF RESIDUO DE UN PROCESO PRODUCT.C/VALOR COM.AL T.A"
"TZF7"|"IMPDEPALMACEN"|"TRANSFERENCIA ENTRE USUARIOS DIRECTOS Y/O INDIRECTOS"
"ECA2"|"IMPCON"|"EGRESO AL TNC DE MERC ORIG AAE E IMP CUIT DISTINTO PROD"
"ETE2"|"EXPTEMST"|"EGRESO TEMPORAL CON TRANS. TERRES POR EL TNC S/TRANSF."
"TG07"|"IMPTEMST"|"IMPORTACION TEMPORAL GRANDES OPERADORES S/TRANSF.DAP"
"TG14"|"IMPTEMCT"|"IMPORTACION TEMP. P/TRANSF C/DOC DE TRANSP GRANDES OPER"
"IG07"|"IMPCON"|"IMPORTACION A CONSUMO P/GRAN.OPER.CON AUT.PROVISORIA"
"EC51"|"VALORES"|"EXPORTACION DE VALORES"
"EGT1"|"EXPTEMCT"|"EXPORTACION TEMPORARIA CON TRANSF. GRAN OPERADOR"
"TG13"|"IMPTEMCT"|"IMPORT TEMPO P/TRANF.VIA TERR. DE ENV.FRAC. GRAN  OPER."
"MUPY"|"EXPCON"|"EXPORTACION DE MUESTRAS PYMES"
"ECR1"|"EXPCON"|"EXPORTACION A CONSUMO DE BIENES TRANSFORMADOS RAF"
"IG83"|"IMPCONTEMST"|"IMPO A CONS.P/GRAND.OPERA. DE IMP TEMPOR. S/TRANSFORM."
"DIR3"|"IMPTEMCT"|"DECLAR.IMP.SUSP.RAF EN PLANTA S/DOC TRANSP VIA TERRESTR"
"DIRT"|"IMPTEMCT"|"DECLAR IMPO SUSP RAF DE IMPO TEMP TERC P/CAN SOLO EXPOR"
"TLR1"|"TRASLADO"|"MOVIMIENTO DE BIENES TRANFORMADOS"
"IS21"|"IMPCONTEMST"|"NACIONALIZ. DE VEHIC. INGR. POR REG. FRANQ. DIPLOMAT."
"PIT1"|"IMPTEMST"|"PARTICULAR IMPORTACION TEMPORAL SIN DOCUMENTO DE TRANSP"
"EC10"|"EXPCON"|"EXPORTACION A CONSUMO PARA DRAWBACK"
"REBA"|"RETEXTEST"|"RETORNO DE COMBUSTIBLE, DOCUMENTADO POR BARA"
"BARA"|"EXPTEMST"|"BUQUE ABASTECEDOR DE COMBUST P/ RANCHO DE OTRAS EMBARCA"
"ECA3"|"IMPCON"|"EGRESO P/CONS.EN TNC MERC.DEL AAE NO ORIG.EN EL AREA"
"PE02"|"EXPCON"|"PARTICULAR EXPORTACION PARA CONSUMO DE EXPO TEMPORAL"
